x,n,error(log10)
0,16,-inf
0,32,-inf
0,64,-inf
0,128,-inf
0,256,-inf
0,512,-inf
0.00390625,16,-9.31426244125851829464e1
0.00390625,32,-1.89502731972792771584e2
0.00390625,64,-3.82217839620430371857e2
0.00390625,128,-7.67645500516904430781e2
0.00390625,256,-inf
0.00390625,512,-inf
0.0078125,16,-8.38368487407894335042e1
0.0078125,32,-1.70591034381400406520e2
0.0078125,64,-3.44094278353801465320e2
0.0078125,128,-6.91098201997706832546e2
0.0078125,256,-inf
0.0078125,512,-inf
0.01171875,16,-7.84040982059060740938e1
0.01171875,32,-1.59550322962931181707e2
0.01171875,64,-3.21837625389499912642e2
0.01171875,128,-6.46409656068322166508e2
0.01171875,256,-inf
0.01171875,512,-inf
0.015625,16,-7.45570006541478282847e1
0.015625,32,-1.51732067215430157571e2
0.015625,64,-3.06077033528792303469e2
0.015625,128,-6.14764382136239152455e2
0.015625,256,-1.23211240121153672940e3
0.015625,512,-1.23301549119852867298e3
0.01953125,16,-7.15787188015733071249e1
0.01953125,32,-1.45679468791734945065e2
0.01953125,64,-2.93875782297636426668e2
0.01953125,128,-5.90265815473437655692e2
0.01953125,256,-1.18304458483207169825e3
0.01953125,512,-1.23281053521554509980e3
0.0234375,16,-6.91499544678540097701e1
0.0234375,32,-1.40743631393906352942e2
0.0234375,64,-2.83925779162439125303e2
0.0234375,128,-5.70287471074800914896e2
0.0234375,256,-1.14300955301418705423e3
0.0234375,512,-1.23288888312795916273e3
0.02734375,16,-6.71003844969013144037e1
0.02734375,32,-1.36578414418374480089e2
0.02734375,64,-2.75529248624240507914e2
0.02734375,128,-5.53428303650375949613e2
0.02734375,256,-1.10922510693884348077e3
0.02734375,512,-1.23265396923668903318e3
0.03125,16,-6.53283413281024974159e1
0.03125,32,-1.32977203149096685364e2
0.03125,64,-2.68269681655715737471e2
0.03125,128,-5.38852015550062946615e2
0.03125,256,-1.08001537171028599387e3
0.03125,512,-1.23301216312438720958e3
0.03515625,16,-6.37682474611104175335e1
0.03515625,32,-1.29806727186002019644e2
0.03515625,64,-2.61878422056928878684e2
0.03515625,128,-5.26019178973987897680e2
0.03515625,256,-1.05429937632866046159e3
0.03515625,512,-1.23276146020860783982e3
0.0390625,16,-6.23753271808703707510e1
0.0390625,32,-1.26975990724885374315e2
0.0390625,64,-2.56172033844961554650e2
0.0390625,128,-5.14561477581600233326e2
0.0390625,256,-1.03133904373804917238e3
0.0390625,512,-1.23250536485559819558e3
0.04296875,16,-6.11176439187715567005e1
0.04296875,32,-1.24420090420393564730e2
0.04296875,64,-2.51019680120568187054e2
0.04296875,128,-5.04216207365666338020e2
0.04296875,256,-1.01060793571514088103e3
0.04296875,512,-inf
0.046875,16,-5.99716170076374530172e1
0.046875,32,-1.22091104275200145238e2
0.046875,64,-2.46324756225719616634e2
0.046875,128,-4.94789398346550743800e2
0.046875,256,-9.91717351636987129867e2
0.046875,512,-inf
0.05078125,16,-5.89193391322602714331e1
0.05078125,32,-1.19952640007221406044e2
0.05078125,64,-2.42013899944182107167e2
0.05078125,128,-4.86133748439521111535e2
0.05078125,256,-9.74372109681759166033e2
0.05078125,512,-1.23244076379859406219e3
0.0546875,16,-5.79468907478988204027e1
0.0546875,32,-1.17976409513016051088e2
0.0546875,64,-2.38030086054720580871e2
0.0546875,128,-4.78134758187558545117e2
0.0546875,256,-9.58342761920772395180e2
0.0546875,512,-1.23217110584345051330e3
0.05859375,16,-5.70432374398561136423e1
0.05859375,32,-1.16139988017895311519e2
0.05859375,64,-2.34328109062273670232e2
0.05859375,128,-4.70701660654662484418e2
0.05859375,256,-9.43447418536050938937e2
0.05859375,512,-1.23267738018746353862e3
0.0625,16,-5.61994838722214804587e1
0.0625,32,-1.14425297907238321627e2
0.0625,64,-2.30871526794415554945e2
0.0625,128,-4.63761284552605429409e2
0.0625,256,-9.29539450007668115963e2
0.0625,512,-inf
0.06640625,16,-5.54083543097771872674e1
0.06640625,32,-1.12817553012948260527e2
0.06640625,64,-2.27630532216911075147e2
0.06640625,128,-4.57253781114685962253e2
0.06640625,256,-9.16498924103895264708e2
0.06640625,512,-1.23273012504149204725e3
0.0703125,16,-5.46638218487925265392e1
0.0703125,32,-1.11304505114744300069e2
0.0703125,64,-2.24580434476003329738e2
0.0703125,128,-4.51129574220007612941e2
0.0703125,256,-9.04226494169463126901e2
0.0703125,512,-1.23275414591821768018e3
0.07421875,16,-5.39608380270187690768e1
0.07421875,32,-1.09875894437894002577e2
0.07421875,64,-2.21700551171620898861e2
0.07421875,128,-4.45347136217635698314e2
0.07421875,256,-8.92638942051617903252e2
0.07421875,512,-1.23277682675025122137e3
0.078125,16,-5.32951318701448162387e1
0.078125,32,-1.08523041263752933496e2
0.078125,64,-2.18973385096085312445e2
0.078125,128,-4.39871334921640470140e2
0.078125,256,-8.81665865607835744469e2
0.078125,512,-inf
0.08203125,16,-5.26630580183637930518e1
0.08203125,32,-1.07238537283755527304e2
0.08203125,64,-2.16384002042950398010e2
0.08203125,128,-4.34672184329633395034e2
0.08203125,256,-8.71247175243752879596e2
0.08203125,512,-1.23281869918218687438e3
0.0859375,16,-5.20614802159500355829e1
0.0859375,32,-1.06016008820168999340e2
0.0859375,64,-2.13919553490109978896e2
0.0859375,128,-4.29723886230582394415e2
0.0859375,256,-8.61331173370395923922e2
0.0859375,512,-1.23236098828404524093e3
0.08984375,16,-5.14876807210390708822e1
0.08984375,32,-1.04849932723388810090e2
0.08984375,64,-2.11568905472124245917e2
0.08984375,128,-4.25004085027200000406e2
0.08984375,256,-8.51873061126693588144e2
0.08984375,512,-1.23285662404466748031e3
0.09375,16,-5.09392890095957521952e1
0.09375,32,-1.03735491480003593523e2
0.09375,64,-2.09322346496478211767e2
0.09375,128,-4.20493281268588832470e2
0.09375,256,-8.42833763144896184531e2
0.09375,512,-inf
0.09765625,16,-5.04142250431846645468e1
0.09765625,32,-1.02668457918264686915e2
0.09765625,64,-2.07171355124449430261e2
0.09765625,128,-4.16174364981905666126e2
0.09765625,256,-8.34178992383832379936e2
0.09765625,512,-1.23289126199814499449e3
0.1015625,16,-4.99106536702538295712e1
0.1015625,32,-1.01645102539727837233e2
0.1015625,64,-2.05108413163465647885e2
0.1015625,128,-4.12032240586150946026e2
0.1015625,256,-8.25878498485562417522e2
0.1015625,512,-1.23260648174165360046e3
0.10546875,16,-4.94269476377575897736e1
0.10546875,32,-1.00662118349326131202e2
0.10546875,64,-2.03126854134077768588e2
0.10546875,128,-4.08053522632941791913e2
0.10546875,256,-8.17905458063751190960e2
0.10546875,512,-1.23292312087310878728e3
0.109375,16,-4.89616573328616231838e1
0.109375,32,-9.97165593627065980300e1
0.109375,64,-2.01220739308559576833e2
0.109375,128,-4.04226286907637934561e2
0.109375,256,-8.10235975929846592281e2
0.109375,512,-inf
0.11328125,16,-4.85134858367262400581e1
0.11328125,32,-9.88057899090807287515e1
0.11328125,64,-1.99384755511892647418e2
0.11328125,128,-4.00539865226595379329e2
0.11328125,256,-8.02848673882870669272e2
0.11328125,512,-1.23265156945072169941e3
0.1171875,16,-4.80812682091342966960e1
0.1171875,32,-9.79274425322430772505e1
0.1171875,64,-1.97614130255566267124e2
0.1171875,128,-3.96984675036528942284e2
0.1171875,256,-7.95724349239907377230e2
0.1171875,512,-inf
0.12109375,16,-4.76639541710843653526e1
0.12109375,32,-9.70793827971321450073e1
0.12109375,64,-1.95904560792073696317e2
0.12109375,128,-3.93552076964879239285e2
0.12109375,256,-7.88845689378211009866e2
0.12109375,512,-1.23298001658563996733e3
0.125,16,-4.72605935376949211470e1
0.125,32,-9.62596796857329993849e1
0.125,64,-1.94252154436811598150e2
0.125,128,-3.90234254993705711213e2
0.125,256,-7.82197031613086403737e2
0.125,512,-inf
0.12890625,16,-4.68703238933593429404e1
0.12890625,32,-9.54665805498121808281e1
0.12890625,64,-1.92653378075974707493e2
0.12890625,128,-3.87024115077900791063e2
0.12890625,256,-7.75764160036742089024e2
0.12890625,512,-1.23240357127343333596e3
0.1328125,16,-4.64923601073241864230e1
0.1328125,32,-9.46984898038676369138e1
0.1328125,64,-1.91105015214249036930e2
0.1328125,128,-3.83915198902369628973e2
0.1328125,256,-7.69534132694443040206e2
0.1328125,512,-1.23271680079892978410e3
0.13671875,16,-4.61259853694445094895e1
0.13671875,32,-9.39539507074707204141e1
0.13671875,64,-1.89604129250327171111e2
0.13671875,128,-3.80901610143891954749e2
0.13671875,256,-7.63495133819065662746e2
0.13671875,512,-1.23242759668891471475e3
0.140625,16,-4.57705434890544186102e1
0.140625,32,-9.32316297145842718627e1
0.140625,64,-1.88148031927121373507e2
0.140625,128,-3.77977951123125209026e2
0.140625,256,-7.57636346886680961099e2
0.140625,512,-1.23226297883664504508e3
0.14453125,16,-4.54254322492179515567e1
0.14453125,32,-9.25303029676858922451e1
0.14453125,64,-1.86734256105631591689e2
0.14453125,128,-3.75139268137961990183e2
0.14453125,256,-7.51947845068890857139e2
0.14453125,512,-inf
0.1484375,16,-4.50900976474229582189e1
0.1484375,32,-9.18488445933721379330e1
0.1484375,64,-1.85360532170370234003e2
0.1484375,128,-3.72381004088595971374e2
0.1484375,256,-7.46420496297176376355e2
0.1484375,512,-inf
0.15234375,16,-4.47640288845117831488e1
0.15234375,32,-9.11862165185729809381e1
0.15234375,64,-1.84024767500144139575e2
0.15234375,128,-3.69698957257438867321e2
0.15234375,256,-7.41045880661084596888e2
0.15234375,512,-1.23277259206639597032e3
0.15625,16,-4.44467539881463207304e1
0.15625,32,-9.05414595763038561876e1
0.15625,64,-1.82725028538380564933e2
0.15625,128,-3.67089245308594277328e2
0.15625,256,-7.35816218265998194174e2
0.15625,512,-inf
0.16015625,16,-4.41378359767660632462e1
0.16015625,32,-8.99136857098389436565e1
0.16015625,64,-1.81459525077730890207e2
0.16015625,128,-3.64548273733322217681e2
0.16015625,256,-7.30724306000321614814e2
0.16015625,512,-1.23231568735632221302e3
0.1640625,16,-4.38368694858668947769e1
0.1640625,32,-8.93020711164395060290e1
0.1640625,64,-1.80226596438698001013e2
0.1640625,128,-3.62072708098464570466e2
0.1640625,256,-7.25763461923502648495e2
0.1640625,512,-1.23250149587223153230e3
0.16796875,16,-4.35434777913090105408e1
0.16796875,32,-8.87058501979478599825e1
0.16796875,64,-1.79024699274802321097e2
0.16796875,128,-3.59659449560755217756e2
0.16796875,256,-7.20927476198630754703e2
0.16796875,512,-inf
0.171875,16,-4.32573101748730788108e1
0.171875,32,-8.81243102069180902913e1
0.171875,64,-1.77852396779861589016e2
0.171875,128,-3.57305613196397922666e2
0.171875,256,-7.16210567666611142152e2
0.171875,512,-1.23252020919223003674e3
0.17578125,16,-4.29780395859041398435e1
0.17578125,32,-8.75567864944734472283e1
0.17578125,64,-1.76708349108275211415e2
0.17578125,128,-3.55008508766204573965e2
0.17578125,256,-7.11607345301010785857e2
0.17578125,512,-1.23222819711941050205e3
0.1796875,16,-4.27053605599868385379e1
0.1796875,32,-8.70026582805177368907e1
0.1796875,64,-1.75591304848307928340e2
0.1796875,128,-3.52765623595023381271e2
0.1796875,256,-7.07112773899775672075e2
0.1796875,512,-1.23253803258101086761e3
0.18359375,16,-4.24389873614770131643e1
0.18359375,32,-8.64613448788805887263e1
0.18359375,64,-1.74500093412462398698e2
0.18359375,128,-3.50574607292566076668e2
0.18359375,256,-7.02722143466967222377e2
0.18359375,512,-1.23284766480113366020e3
0.1875,16,-4.21786523216051714402e1
0.1875,32,-8.59323023199152607601e1
0.1875,64,-1.73433618229065624812e2
0.1875,128,-3.48433258082971558519e2
0.1875,256,-6.98431041818280366315e2
0.1875,512,-inf
0.19140625,16,-4.19241043479509310199e1
0.19140625,32,-8.54150203213664618746e1
0.19140625,64,-1.72390850635923499977e2
0.19140625,128,-3.46339510544033870532e2
0.19140625,256,-6.94235330011418373966e2
0.19140625,512,-1.23286429352152230001e3
0.1953125,16,-4.16751075845108597777e1
0.1953125,32,-8.49090195652828180431e1
0.1953125,64,-1.71370824390922488947e2
0.1953125,128,-3.44291424585182292008e2
0.1953125,256,-6.90131120258829756373e2
0.1953125,512,-1.23239521446716078305e3
0.19921875,16,-4.14314402044630216524e1
0.19921875,32,-8.44138492446032814767e1
0.19921875,64,-1.70372630726259726675e2
0.19921875,128,-3.42287175516998797375e2
0.19921875,256,-6.86114756027800437449e2
0.19921875,512,-1.23288020617178369789e3
0.203125,16,-4.11928933201647527284e1
0.203125,32,-8.39290848479917104053e1
0.203125,64,-1.69395413882951169117e2
0.203125,128,-3.40325045085073330921e2
0.203125,256,-6.82182794073003267563e2
0.203125,512,-1.23218894160346813783e3
0.20703125,16,-4.09592699969825254048e1
0.20703125,32,-8.34543261556850404224e1
0.20703125,64,-1.68438367070716343166e2
0.20703125,128,-3.38403413357961696127e2
0.20703125,256,-6.78331988180602182747e2
0.20703125,512,-1.23289545838095390404e3
0.2109375,16,-4.07303843593066178069e1
0.2109375,32,-8.29891954226847630471e1
0.2109375,64,-1.67500728805523408351e2
0.2109375,128,-3.36520751373437766141e2
0.2109375,256,-6.74559274431918704022e2
0.2109375,512,-1.23290285248552293568e3
0.21484375,16,-4.05060607785996473182e1
0.21484375,32,-8.25333357286623796772e1
0.21484375,64,-1.66581779583208417068e2
0.21484375,128,-3.34675614459540339370e2
0.21484375,256,-6.70861757819333975091e2
0.21484375,512,-1.23260906958960686127e3
0.21875,16,-4.02861331346086231762e1
0.21875,32,-8.20864094765520007928e1
0.21875,64,-1.65680838852828973008e2
0.21875,128,-3.32866636157448899441e2
0.21875,256,-6.67236700068208716944e2
0.21875,512,-1.23261617504159440322e3
0.22265625,16,-4.00704441419693998333e1
0.22265625,32,-8.16480970240371727065e1
0.22265625,64,-1.64797262257915771265e2
0.22265625,128,-3.31092522682264565397e2
0.22265625,256,-6.63681508536722989913e2
0.22265625,512,-1.23262314391790565609e3
0.2265625,16,-3.98588447353786662563e1
0.2265625,32,-8.12180954340620454031e1
0.2265625,64,-1.63930439117662090389e2
0.2265625,128,-3.29352047865556215832e2
0.2265625,256,-6.60193726081135573811e2
0.2265625,512,-1.23215285977076122524e3
0.23046875,16,-3.96511935073254270987e1
0.23046875,32,-8.07961173321569855904e1
0.23046875,64,-1.63079790123437636877e2
0.23046875,128,-3.27644048530250780171e2
0.23046875,256,-6.56771021787427144752e2
0.23046875,512,-1.23233566092858999036e3
0.234375,16,-3.94473561930809027910e1
0.234375,32,-8.03818898598054868165e1
0.234375,64,-1.62244765228909443561e2
0.234375,128,-3.25967420254262097781e2
0.234375,256,-6.53411182481945047821e2
0.234375,512,-1.23234224794810135937e3
0.23828125,16,-3.92472051982592423501e1
0.23828125,32,-7.99751537143259512731e1
0.23828125,64,-1.61424841714565758131e2
0.23828125,128,-3.24321113484299004395e2
0.23828125,256,-6.50112104943779771517e2
0.23828125,512,-1.23225180618972965536e3
0.2421875,16,-3.90506191647950919371e1
0.2421875,32,-7.95756622668264308454e1
0.2421875,64,-1.60619522409625098430e2
0.2421875,128,-3.22704129965683000576e2
0.2421875,256,-6.46871788750399834924e2
0.2421875,512,-1.23235506960573246863e3
0.24609375,16,-3.88574825716493902680e1
0.24609375,32,-7.91831807507360817017e1
0.24609375,64,-1.59828334056218995151e2
0.24609375,128,-3.21115519457833555595e2
0.24609375,256,-6.43688329695742206440e2
0.24609375,512,-1.23266234187770995158e3
0.25,16,-3.86676853669614543717e1
0.25,32,-7.87974855142435906033e1
0.25,64,-1.59050825802403069505e2
0.25,128,-3.19554376708424473002e2
0.25,256,-6.40559913726659237741e2
0.25,512,-inf
0.25390625,16,-3.84811226287216593875e1
0.25390625,32,-7.84183633306968031256e1
0.25390625,64,-1.58286567812010529021e2
0.25390625,128,-3.18019838662145107023e2
0.25390625,256,-6.37484811349495314118e2
0.25390625,512,-1.23237347708337997961e3
0.2578125,16,-3.82976942513517379121e1
0.2578125,32,-7.80456107616533154159e1
0.2578125,64,-1.57535149980643315336e2
0.2578125,128,-3.16511081882572608082e2
0.2578125,256,-6.34461372463721288299e2
0.2578125,512,-1.23237940661923222112e3
0.26171875,16,-3.81173046558548187358e1
0.26171875,32,-7.76790335678308537827e1
0.26171875,64,-1.56796180748223137161e2
0.26171875,128,-3.15027320167924248433e2
0.26171875,256,-6.31488021584089384370e2
0.26171875,512,-inf
0.265625,16,-3.79398625214398096456e1
0.265625,32,-7.73184461636990581724e1
0.265625,64,-1.56069285999518027241e2
0.265625,128,-3.13567802343453512201e2
0.265625,256,-6.28563253416768347062e2
0.265625,512,-1.23269200497432063903e3
0.26953125,16,-3.77652805367388895791e1
0.26953125,32,-7.69636711118895152109e1
0.26953125,64,-1.55354108044937429743e2
0.26953125,128,-3.12131810215015277836e2
0.26953125,256,-6.25685628758448807504e2
0.26953125,512,-1.23252155829830524624e3
0.2734375,16,-3.75934751689263803648e1
0.2734375,32,-7.66145386539860094488e1
0.2734375,64,-1.54650304674665183535e2
0.2734375,128,-3.10718656669884252011e2
0.2734375,256,-6.22853770690532611668e2
0.2734375,512,-1.23270320470751349769e3
0.27734375,16,-3.74243664492152656697e1
0.27734375,32,-7.62708862745983754883e1
0.27734375,64,-1.53957548279888014116e2
0.27734375,128,-3.09327683912292727953e2
0.27734375,256,-6.20066361043289104894e2
0.27734375,512,-1.23253258174397198613e3
0.28125,16,-3.72578777733568223145e1
0.28125,32,-7.59325582959265415705e1
0.28125,64,-1.53275525035488375618e2
0.28125,128,-3.07958261822381011266e2
0.28125,256,-6.17322137107320718863e2
0.28125,512,-1.23271405691363518628e3
0.28515625,16,-3.70939357159015609778e1
0.28515625,32,-7.55994055002911005960e1
0.28515625,64,-1.52603934139114256744e2
0.28515625,128,-3.06609786428345682908e2
0.28515625,256,-6.14619888571868142256e2
0.28515625,512,-1.23062945369510219998e3
0.2890625,16,-3.69324698570979560355e1
0.2890625,32,-7.52712847783471255695e1
0.2890625,64,-1.51942487102023142116e2
0.2890625,128,-3.05281678482543839742e2
0.2890625,256,-6.11958454671435113424e2
0.2890625,512,-1.22531120382668264359e3
0.29296875,16,-3.67734126214110236773e1
0.29296875,32,-7.49480588009125110363e1
0.29296875,64,-1.51290907087529855437e2
0.29296875,128,-3.03973382133179928763e2
0.29296875,256,-6.09336721523953230540e2
0.29296875,512,-1.22006259496313536798e3
0.296875,16,-3.66166991267371980527e1
0.296875,32,-7.46295957125339481558e1
0.296875,64,-1.50648928293274707907e2
0.296875,128,-3.02684363683978229975e2
0.296875,256,-6.06753619645263097327e2
0.296875,512,-1.21489132416592028392e3
0.30078125,16,-3.64622670434764735511e1
0.30078125,32,-7.43157688450854041582e1
0.30078125,64,-1.50016295373874627895e2
0.30078125,128,-3.01414110434939274494e2
0.30078125,256,-6.04208121626081311998e2
0.30078125,512,-1.20979533455127053734e3
0.3046875,16,-3.63100564626985740369e1
0.3046875,32,-7.40064564498480072891e1
0.3046875,64,-1.49392762900830453543e2
0.3046875,128,-3.00162129597901940644e2
0.3046875,256,-6.01699239958872164446e2
0.3046875,512,-1.20477264917287543750e3
0.30859375,16,-3.61600097727079774817e1
0.30859375,32,-7.37015414466585693145e1
0.30859375,64,-1.48778094856842427630e2
0.30859375,128,-2.98927947281192881895e2
0.30859375,256,-5.99226025003164924502e2
0.30859375,512,-1.19982136689264438701e3
0.3125,16,-3.60120715433738416183e1
0.3125,32,-7.34009111888383867702e1
0.3125,64,-1.48172064161936726991e2
0.3125,128,-2.97711107538148501147e2
0.3125,256,-5.96787563078866700238e2
0.3125,512,-1.19493965856360103337e3
0.31640625,16,-3.58661884176460089761e1
0.31640625,32,-7.31044572427260060874e1
0.31640625,64,-1.47574452229031725145e2
0.31640625,128,-2.96511171474748197102e2
0.31640625,256,-5.94382974678029646181e2
0.31640625,512,-1.19012576344991839794e3
0.3203125,16,-3.57223090097279899476e1
0.3203125,32,-7.28120751807386821794e1
0.3203125,64,-1.46985048546776379610e2
0.3203125,128,-2.95327716412006597903e2
0.3203125,256,-5.92011412786350884051e2
0.3203125,512,-1.18537798586663416822e3
0.32421875,16,-3.55803838094227208893e1
0.32421875,32,-7.25236643869785051167e1
0.32421875,64,-1.46403650287677073746e2
0.32421875,128,-2.94160335099141822383e2
0.32421875,256,-5.89672061306423597361e2
0.32421875,512,-1.18069469202306745636e3
0.328125,16,-3.54403650922074904887e1
0.328125,32,-7.22391278744816715289e1
0.328125,64,-1.45830061939695556589e2
0.328125,128,-2.93008634973870745985e2
0.328125,256,-5.87364133575426944126e2
0.328125,512,-1.17607430705529800275e3
0.33203125,16,-3.53022068346311799918e1
0.33203125,32,-7.19583721132840676560e1
0.33203125,64,-1.45264094959651190238e2
0.33203125,128,-2.91872237466484566215e2
0.33203125,256,-5.85086870970548253155e2
0.33203125,512,-1.17151531223428163138e3
0.3359375,16,-3.51658646346602760580e1
0.3359375,32,-7.16813068685440319325e1
0.3359375,64,-1.44705567446897190916e2
0.3359375,128,-2.90750777344631990205e2
0.3359375,256,-5.82839541595980099388e2
0.3359375,512,-1.16701624233727509808e3
0.33984375,16,-3.50312956366303468618e1
0.33984375,32,-7.14078450480246039122e1
0.33984375,64,-1.44154303835864402873e2
0.33984375,128,-2.89643902095986048287e2
0.33984375,256,-5.80621439045833191684e2
0.33984375,512,-1.16257568317124112420e3
0.34375,16,-3.48984584604871395694e1
0.34375,32,-7.11379025582933874080e1
0.34375,64,-1.43610134606178672497e2
0.34375,128,-2.88551271346196479915e2
0.34375,256,-5.78431881237758777299e2
0.34375,512,-1.15819226923781083563e3
0.34765625,16,-3.47673131350264416315e1
0.34765625,32,-7.08713981690489302909e1
0.34765625,64,-1.43072896009160245083e2
0.34765625,128,-2.87472556309735154389e2
0.34765625,256,-5.76270209312486105528e2
0.34765625,512,-1.15386468153020530984e3
0.3515625,16,-3.46378210348645991923e1
0.3515625,32,-7.06082533850287590046e1
0.3515625,64,-1.42542429809606811813e2
0.3515625,128,-2.86407439271429132932e2
0.3515625,256,-5.74135786594855515088e2
0.3515625,512,-1.14959164545326871134e3
0.35546875,16,-3.45099448208923254419e1
0.35546875,32,-7.03483923249963539284e1
0.35546875,64,-1.42018583041846799691e2
0.35546875,128,-2.85355613096646578092e2
0.35546875,256,-5.72027997612269577588e2
0.35546875,512,-1.14537192885844990098e3
0.359375,16,-3.43836483839833578094e1
0.359375,32,-7.00917416073428143689e1
0.359375,64,-1.41501207779127032974e2
0.359375,128,-2.84316780768256398513e2
0.359375,256,-5.69946247166796704234e2
0.359375,512,-1.14120434018619396403e3
0.36328125,16,-3.42588967917468119483e1
0.36328125,32,-6.98382302418740977907e1
0.36328125,64,-1.40990160915469724024e2
0.36328125,128,-2.83290654948624733625e2
0.36328125,256,-5.67889959457446613503e2
0.36328125,512,-1.13708772670877564155e3
0.3671875,16,-3.41356562381278901163e1
0.3671875,32,-6.95877895273868471766e1
0.3671875,64,-1.40485303959198520033e2
0.3671875,128,-2.82276957565041429855e2
0.3671875,256,-5.65858577249397661685e2
0.3671875,512,-1.13302097286712836724e3
0.37109375,16,-3.40138939956760726888e1
0.37109375,32,-6.93403529546652294940e1
0.37109375,64,-1.39986502837392617087e2
0.37109375,128,-2.81275419417088696747e2
0.37109375,256,-5.63851561087194578580e2
0.37109375,512,-1.12900299869570016005e3
0.375,16,-3.38935783703131803363e1
0.375,32,-6.90958561145581535310e1
0.375,64,-1.39493627710582271266e2
0.375,128,-2.80285779804573195624e2
0.375,256,-5.61868388549153706784e2
0.375,512,-1.12503275832980516243e3
0.37890625,16,-3.37746786584458539148e1
0.37890625,32,-6.88542366108209466400e1
0.37890625,64,-1.39006552797048851323e2
0.37890625,128,-2.79307786174742835267e2
0.37890625,256,-5.59908553540413278949e2
0.37890625,512,-1.12110923859034087858e3
0.3828125,16,-3.36571651062781608456e1
0.3828125,32,-6.86154339774282534405e1
0.3828125,64,-1.38525156206138304508e2
0.3828125,128,-2.78341193787601363272e2
0.3828125,256,-5.57971565622250255847e2
0.3828125,512,-1.11723145764110950373e3
0.38671875,16,-3.35410088711902918781e1
0.38671875,32,-6.83793896000857605708e1
0.38671875,64,-1.38049319780038920040e2
0.38671875,128,-2.77385765398218198362e2
0.38671875,256,-5.56056949375454292064e2
0.38671875,512,-1.11339846371432015446e3
0.390625,16,-3.34261819850587426405e1
0.390625,32,-6.81460466416875168158e1
0.390625,64,-1.37578928943512909382e2
0.390625,128,-2.76441270955008522477e2
0.390625,256,-5.54164243795704847506e2
0.390625,512,-1.10960933390016001691e3
0.39453125,16,-3.33126573194020541488e1
0.39453125,32,-6.79153499714832574592e1
0.39453125,64,-1.37113872561106881511e2
0.39453125,128,-2.75507487313030049550e2
0.39453125,256,-5.52293001719040538995e2
0.39453125,512,-1.10586317299660886193e3
0.3984375,16,-3.32004085522441820371e1
0.3984375,32,-6.76872460977363908078e1
0.3984375,64,-1.36654042801399047520e2
0.3984375,128,-2.74584197961408658020e2
0.3984375,256,-5.50442789275641624514e2
0.3984375,512,-1.10215911241593523075e3
0.40234375,16,-3.30894101365949357606e1
0.40234375,32,-6.74616831036682856131e1
0.40234375,64,-1.36199335007871188194e2
0.40234375,128,-2.73671192764065710621e2
0.40234375,256,-5.48613185370268023360e2
0.40234375,512,-1.09849630914455585386e3
0.40625,16,-3.29796372704537306991e1
0.40625,32,-6.72386105864983208677e1
0.40625,64,-1.35749647576021283146e2
0.40625,128,-2.72768267712975834209e2
0.40625,256,-5.46803781187807393368e2
0.40625,512,-1.09487394475316432096e3
0.41015625,16,-3.28710658682491770146e1
0.41015625,32,-6.70179795994019239179e1
0.41015625,64,-1.35304881836358431634e2
0.41015625,128,-2.71875224693235598096e2
0.41015625,256,-5.45014179722491320341e2
0.41015625,512,-1.09129122445424229069e3
0.4140625,16,-3.27636725336328337334e1
0.4140625,32,-6.67997425962206193103e1
0.4140625,64,-1.34864941942945475343e2
0.4140625,128,-2.70991871259271276960e2
0.4140625,256,-5.43243995329433357344e2
0.4140625,512,-1.08774737620425808071e3
0.41796875,16,-3.26574345335508250714e1
0.41796875,32,-6.65838533787690210714e1
0.41796875,64,-1.34429734767176727212e2
0.41796875,128,-2.70118020421558045109e2
0.41796875,256,-5.41492853297231146011e2
0.41796875,512,-1.08424164984803464120e3
0.421875,16,-3.25523297735219850299e1
0.421875,32,-6.63702670465937994154e1
0.421875,64,-1.33999169796498567227e2
0.421875,128,-2.69253490443263822888e2
0.421875,256,-5.39760389440456760427e2
0.421875,512,-1.08077331630293289181e3
0.42578125,16,-3.24483367740557988822e1
0.42578125,32,-6.61589399490490065415e1
0.42578125,64,-1.33573159037799521906e2
0.42578125,128,-2.68398104646268856124e2
0.42578125,256,-5.38046249710935282761e2
0.42578125,512,-1.07734166678064828779e3
0.4296875,16,-3.23454346481476764846e1
0.4296875,32,-6.59498296395608164258e1
0.4296875,64,-1.33151616925213922336e2
0.4296875,128,-2.67551691226047203316e2
0.4296875,256,-5.36350089826781945113e2
0.4296875,512,-1.07394601204455926936e3
0.43359375,16,-3.22436030797930497593e1
0.43359375,32,-6.57428948319627759966e1
0.43359375,64,-1.32734460232099448229e2
0.43359375,128,-2.66714083074928858221e2
0.43359375,256,-5.34671574918233405546e2
0.43359375,512,-1.07058568170069684278e3
0.4375,16,-3.21428223034654601504e1
0.4375,32,-6.55380953587901304930e1
0.4375,64,-1.32321607986963914781e2
0.4375,128,-2.65885117613291452591e2
0.4375,256,-5.33010379189369279022e2
0.4375,512,-1.06726002352052576597e3
0.44140625,16,-3.20430730845072140676e1
0.44140625,32,-6.53353921314287202986e1
0.44140625,64,-1.31912981393130638180e2
0.44140625,128,-2.65064636628258552012e2
0.44140625,256,-5.31366185594876290393e2
0.44140625,512,-1.06396840279384041397e3
0.4453125,16,-3.19443367003843560189e1
0.4453125,32,-6.51347471020203922290e1
0.4453125,64,-1.31508503751944709302e2
0.4453125,128,-2.64252486119507647486e2
0.4453125,256,-5.29738685531059698291e2
0.4453125,512,-1.06071020171018306579e3
0.44921875,16,-3.18465949227606592016e1
0.44921875,32,-6.49361232270328635529e1
0.44921875,64,-1.31108100389334590883e2
0.44921875,128,-2.63448516151815212068e2
0.44921875,256,-5.28127578540355267296e2
0.44921875,512,-1.05748481876728970589e3
0.453125,16,-3.17498300003480790440e1
0.453125,32,-6.47394844324075570386e1
0.453125,64,-1.30711698585554702053e2
0.453125,128,-2.62652580713988777657e2
0.453125,256,-5.26532572028640325861e2
0.453125,512,-1.05429166820515904271e3
0.45703125,16,-3.16540246424936723480e1
0.45703125,32,-6.45447955802041221282e1
0.45703125,64,-1.30319227507945130245e2
0.45703125,128,-2.61864537583857021721e2
0.45703125,256,-5.24953380994684599364e2
0.45703125,512,-1.05113017946442483272e3
0.4609375,16,-3.15591620034653677307e1
0.4609375,32,-6.43520224366652003009e1
0.4609375,64,-1.29930618146554373255e2
0.4609375,128,-2.61084248199008456214e2
0.4609375,256,-5.23389727771120789454e2
0.4609375,512,-1.04799979666779023898e3
0.46484375,16,-3.14652256674011952099e1
0.46484375,32,-6.41611316416295086744e1
0.46484375,64,-1.29545803252480117912e2
0.46484375,128,-2.60311577532987589907e2
0.46484375,256,-5.21841341776351500504e2
0.46484375,512,-1.04489997812335628421e3
0.46875,16,-3.13721996338886561651e1
0.46875,32,-6.39720906792255295323e1
0.46875,64,-1.29164717278791555955e2
0.46875,128,-2.59546393976674490610e2
0.46875,256,-5.20307959276843291310e2
0.46875,512,-1.04183019584874487989e3
0.47265625,16,-3.12800683041428506156e1
0.47265625,32,-6.37848678497820273462e1
0.47265625,64,-1.28787296323904667928e2
0.47265625,128,-2.58788569224589596531e2
0.47265625,256,-5.18789323159290538262e2
0.47265625,512,-1.03878993511498079145e3
0.4765625,16,-3.11888164677537870189e1
0.4765625,32,-6.35994322428952896980e1
0.4765625,64,-1.28413478077289313920e2
0.4765625,128,-2.58037978165880500449e2
0.4765625,256,-5.17285182712161603276e2
0.4765625,512,-1.03577869400915657220e3
0.48046875,16,-3.10984292899749899448e1
0.48046875,32,-6.34157537115964233444e1
0.48046875,64,-1.28043201767393894142e2
0.48046875,128,-2.57294498779761333206e2
0.48046875,256,-5.15795293416167660074e2
0.48046875,512,-1.03279598301496027365e3
0.484375,16,-3.10088922995271016479e1
0.484375,32,-6.32338028475652489824e1
0.484375,64,-1.27676408111679817980e2
0.484375,128,-2.56558012035188375308e2
0.484375,256,-5.14319416743220587866e2
0.484375,512,-1.02984132461019790183e3
0.48828125,16,-3.09201913768916526514e1
0.48828125,32,-6.30535509573403441698e1
0.48828125,64,-1.27313039268664079651e2
0.48828125,128,-2.55828401794567692121e2
0.48828125,256,-5.12857319963470722639e2
0.48828125,512,-1.02691425288049139932e3
0.4921875,16,-3.08323127430715612530e1
0.4921875,32,-6.28749700394775981195e1
0.4921875,64,-1.26953038791873911810e2
0.4921875,128,-2.55105554721301979210e2
0.4921875,256,-5.11408775960038083061e2
0.4921875,512,-1.02401431314837863078e3
0.49609375,16,-3.07452429487962190812e1
0.49609375,32,-6.26980327626122783687e1
0.49609375,64,-1.26596351585622802824e2
0.49609375,128,-2.54389360190994475060e2
0.49609375,256,-5.09973563051072071182e2
0.49609375,512,-1.02114106161708465819e3
0.5,16,-3.06589688641502356481e1
0.5,32,-6.25227124443820801738e1
0.5,64,-1.26242923862522144399e2
0.5,128,-2.53679710206137799452e2
0.5,256,-5.08551464818794689468e2
0.5,512,-1.01829406502827371377e3
0.50390625,16,-3.05734776686060549622e1
0.50390625,32,-6.23489830311709465033e1
0.50390625,64,-1.25892703102647447032e2
0.50390625,128,-2.52976499314124954197e2
0.50390625,256,-5.07142269945201109281e2
0.50390625,512,-1.01547290033312890253e3
0.5078125,16,-3.04887568414417269508e1
0.5078125,32,-6.21768190786356203679e1
0.5078125,64,-1.25545638014282443002e2
0.5078125,128,-2.52279624528428521903e2
0.5078125,256,-5.05745772054109058422e2
0.5078125,512,-1.01267715437614196601e3
0.51171875,16,-3.04047941525261205418e1
0.51171875,32,-6.20061957329789318244e1
0.51171875,64,-1.25201678496168510222e2
0.51171875,128,-2.51588985252802358031e2
0.51171875,256,-5.04361769559265046866e2
0.51171875,512,-1.00990642359102857398e3
0.515625,16,-3.03215776534548082700e1
0.515625,32,-6.18370887129357384397e1
0.515625,64,-1.24860775601190713558e2
0.515625,128,-2.50904483208367828534e2
0.515625,256,-5.02990065518230994317e2
0.515625,512,-1.00716031370821573047e3
0.51953125,16,-3.02390956690207383462e1
0.51953125,32,-6.16694742924392387250e1
0.51953125,64,-1.24522881501435390291e2
0.51953125,128,-2.50226022363453934011e2
0.51953125,256,-5.01630467491789429114e2
0.51953125,512,-1.00443843947337712087e3
0.5234375,16,-3.01573367890046430976e1
0.5234375,32,-6.15033292839370708662e1
0.5234375,64,-1.24187949454557618854e2
0.5234375,128,-2.49553508866067513216e2
0.5234375,256,-5.00282787408619158620e2
0.5234375,512,-1.00174042437651971476e3
0.52734375,16,-3.00762898602709161117e1
0.52734375,32,-6.13386310223282011908e1
0.52734375,64,-1.23855933771400119520e2
0.52734375,128,-2.48886850978876162981e2
0.52734375,256,-4.98946841435006225040e2
0.52734375,512,-9.99065900391150792189e2
0.53125,16,-2.99959439791554275825e1
0.53125,32,-6.11753573494931049273e1
0.53125,64,-1.23526789784808155697e2
0.53125,128,-2.48225959016592575455e2
0.53125,256,-4.97622449849367111985e2
0.53125,512,-9.96414507723078887656e2
0.53515625,16,-2.99162884841324413164e1
0.53515625,32,-6.10134865993911521119e1
0.53515625,64,-1.23200473819587847482e2
0.53515625,128,-2.47570745285654701900e2
0.53515625,256,-4.96309436921372606208e2
0.53515625,512,-9.93785894568425046430e2
0.5390625,16,-2.98373129487484504364e1
0.5390625,32,-6.08529975837004397463e1
0.5390625,64,-1.22876943163557986705e2
0.5390625,128,-2.46921124026101528506e2
0.5390625,256,-4.95007630795471492484e2
0.5390625,512,-9.91179716880442356330e2
0.54296875,16,-2.97590071748113646486e1
0.54296875,32,-6.06938695779765628234e1
0.54296875,64,-1.22556156039647965586e2
0.54296875,128,-2.46277011355549315379e2
0.54296875,256,-4.93716863378623410800e2
0.54296875,512,-9.88595638144762040068e2
0.546875,16,-2.96813611858240624437e1
0.546875,32,-6.05360823083079965824e1
0.546875,64,-1.22238071578996809330e2
0.546875,128,-2.45638325215177924969e2
0.546875,256,-4.92436970232059774002e2
0.546875,512,-9.86033329162703550139e2
0.55078125,16,-2.96043652206518690560e1
0.55078125,32,-6.03796159384468749111e1
0.55078125,64,-1.21922649795010545792e2
0.55078125,128,-2.45004985317641369439e2
0.55078125,256,-4.91167790466900668183e2
0.55078125,512,-9.83492467842304174046e2
0.5546875,16,-2.95280097274140375007e1
0.5546875,32,-6.02244510573949994749e1
0.5546875,64,-1.21609851558337261272e2
0.5546875,128,-2.44376913096820955074e2
0.5546875,256,-4.89909166643464171956e2
0.5546875,512,-9.80972738996740702106e2
0.55859375,16,-2.94522853575897975095e1
0.55859375,32,-6.00705686674259048721e1
0.55859375,64,-1.21299638572721188732e2
0.55859375,128,-2.43754031659343411928e2
0.55859375,256,-4.88660944674112566622e2
0.55859375,512,-9.78473834149831797498e2
0.5625,16,-2.93771829603299975038e1
0.5625,32,-5.99179501725247406037e1
0.5625,64,-1.20991973351699060493e2
0.5625,128,-2.43136265737790183365e2
0.5625,256,-4.87422973729487497088e2
0.5625,512,-9.75995451348324898793e2
0.56640625,16,-2.93026935769657995783e1
0.56640625,32,-5.97665773672286143384e1
0.56640625,64,-1.20686819196103738917e2
0.56640625,128,-2.42523541645527627022e2
0.56640625,256,-4.86195106147993311128e2
0.56640625,512,-9.73537294980685834648e2
0.5703125,16,-2.92288084357062983895e1
0.5703125,32,-5.96164324258508760540e1
0.5703125,64,-1.20384140172341822031e2
0.5703125,128,-2.41915787233091258896e2
0.5703125,256,-4.84977197348394578133e2
0.5703125,512,-9.71099075602122890784e2
0.57421875,16,-2.91555189465173233249e1
0.57421875,32,-5.94674978920736121302e1
0.57421875,64,-1.20083901091413512555e2
0.57421875,128,-2.41312931846060367801e2
0.57421875,256,-4.83769105745400192215e2
0.57421875,512,-9.68680509765589889264e2
0.578125,16,-2.90828166961740507410e1
0.578125,32,-5.93197566688933651395e1
0.578125,64,-1.19786067488644544002e2
0.578125,128,-2.40714906284362349703e2
0.578125,256,-4.82570692668112520828e2
0.578125,512,-9.66281319858524964586e2
0.58203125,16,-2.90106934434804006688e1
0.58203125,32,-5.91731920089058015247e1
0.58203125,64,-1.19490605604101381614e2
0.58203125,128,-2.40121642762948970852e2
0.58203125,256,-4.81381822281225790111e2
0.58203125,512,-9.63901233945093192381e2
0.5859375,16,-2.89391411146485214024e1
0.5859375,32,-5.90277875049157179905e1
0.5859375,64,-1.19197482363662263790e2
0.5859375,128,-2.39533074873789474992e2
0.5859375,256,-4.80202361508863321558e2
0.5859375,512,-9.61539985613712083916e2
0.58984375,16,-2.88681517988319769034e1
0.58984375,32,-5.88835270808594105263e1
0.58984375,64,-1.18906665360717925877e2
0.58984375,128,-2.38949137549128012491e2
0.58984375,256,-4.79032179960948369679e2
0.58984375,512,-9.59197313829649239790e2
0.59375,16,-2.87977177438065470281e1
0.59375,32,-5.87403949830270296394e1
0.59375,64,-1.18618122838477057058e2
0.59375,128,-2.38369767025955296359e2
0.59375,256,-4.77871149862008174234e2
0.59375,512,-9.56872962792491193527e2
0.59765625,16,-2.87278313517928301719e1
0.59765625,32,-5.85983757715731135727e1
0.59765625,64,-1.18331823672852686466e2
0.59765625,128,-2.37794900811646690044e2
0.59765625,256,-4.76719145982315449317e2
0.59765625,512,-9.54566681798291702238e2
0.6015625,16,-2.86584851754151029435e1
0.6015625,32,-5.84574543123040298660e1
0.6015625,64,-1.18047737355906780371e2
0.6015625,128,-2.37224477650721111814e2
0.6015625,256,-4.75576045571275900099e2
0.6015625,512,-9.52278225106216487061e2
0.60546875,16,-2.85896719137911427745e1
0.60546875,32,-5.83176157687315663145e1
0.60546875,64,-1.17765833979831361789e2
0.60546875,128,-2.36658437492677207653e2
0.60546875,256,-4.74441728292974500306e2
0.60546875,512,-9.50007351809509718795e2
0.609375,16,-2.85213844087479577351e1
0.609375,32,-5.81788455943823967917e1
0.609375,64,-1.17486084221445440375e2
0.609375,128,-2.36096721460865205336e2
0.609375,256,-4.73316076163797192674e2
0.609375,512,-9.47753825710615410130e2
0.61328125,16,-2.84536156411585940047e1
0.61328125,32,-5.80411295253536070589e1
0.61328125,64,-1.17208459327187967067e2
0.61328125,128,-2.35539271822354722833e2
0.61328125,256,-4.72198973492048402909e2
0.61328125,512,-9.45517415200294339751e2
0.6171875,16,-2.83863587273954061324e1
0.6171875,32,-5.79044535731049019861e1
0.6171875,64,-1.16932931098587907479e2
0.6171875,128,-2.34986031958760570174e2
0.6171875,256,-4.71090306819488296589e2
0.6171875,512,-9.43297893140584218339e2
0.62109375,16,-2.83196069158953790804e1
0.62109375,32,-5.77688040174785298867e1
0.62109375,64,-1.16659471878193363165e2
0.62109375,128,-2.34436946337990260778e2
0.62109375,256,-4.69989964864717068695e2
0.62109375,512,-9.41095036751457533553e2
0.625,16,-2.82533535838332846612e1
0.625,32,-5.76341673999383531698e1
0.625,64,-1.16388054535942463148e2
0.625,128,-2.33891960486878540949e2
0.625,256,-4.68897838468336747172e2
0.625,512,-9.38908627501037900793e2
0.62890625,16,-2.81875922338986389627e1
0.62890625,32,-5.75005305170198683925e1
0.62890625,64,-1.16118652455959501764e2
0.62890625,128,-2.33351020964675759593e2
0.62890625,256,-4.67813820539824024536e2
0.62890625,512,-9.36738450999241817638e2
0.6328125,16,-2.81223164911726022074e1
0.6328125,32,-5.73678804139833341611e1
0.6328125,64,-1.15851239523760515272e2
0.6328125,128,-2.32814075337358338578e2
0.6328125,256,-4.66737806006050513881e2
0.6328125,512,-9.34584296894718490252e2
0.63671875,16,-2.80575201001011287499e1
0.63671875,32,-5.72362043786625031879e1
0.63671875,64,-1.15585790113853170759e2
0.63671875,128,-2.32281072152730971686e2
0.63671875,256,-4.65669691761389566139e2
0.63671875,512,-9.32445958774965886330e2
0.640625,16,-2.79931969215608330252e1
0.640625,32,-5.71054899355017761474e1
0.640625,64,-1.15322279077716488611e2
0.640625,128,-2.31751960916291480755e2
0.640625,256,-4.64609376619351391744e2
0.640625,512,-9.30323234069506386937e2
0.64453125,16,-2.79293409300141876923e1
0.64453125,32,-5.69757248397749006729e1
0.64453125,64,-1.15060681732146536122e2
0.64453125,128,-2.31226692067830494951e2
0.64453125,256,-4.63556761265690709487e2
0.64453125,512,-9.28215923956010373617e2
0.6484375,16,-2.78659462107508133657e1
0.6484375,32,-5.68468970719786297633e1
0.6484375,64,-1.14800973847954816230e2
0.6484375,128,-2.30705216958739296681e2
0.6484375,256,-4.62511748212933505015e2
0.6484375,512,-9.26123833269260811216e2
0.65234375,16,-2.78030069572117556036e1
0.65234375,32,-5.67189948323950308088e1
0.65234375,64,-1.14543131639006633691e2
0.65234375,128,-2.30187487830000298600e2
0.65234375,256,-4.61474241756271727794e2
0.65234375,512,-9.24046770412856383873e2
0.65625,16,-2.77405174683937745863e1
0.65625,32,-5.65920065358164001634e1
0.65625,64,-1.14287131751587252595e2
0.65625,128,-2.29673457790835683603e2
0.65625,256,-4.60444147930776894337e2
0.65625,512,-9.21984547273555023884e2
0.66015625,16,-2.76784721463307965214e1
0.66015625,32,-5.64659208064269893849e1
0.66015625,64,-1.14032951254084165510e2
0.66015625,128,-2.29163080797990756409e2
0.66015625,256,-4.59421374469885602989e2
0.66015625,512,-9.19936979138163752036e2
0.6640625,16,-2.76168654936497935814e1
0.6640625,32,-5.63407264728359885970e1
0.6640625,64,-1.13780567626974277016e2
0.6640625,128,-2.28656311635629524102e2
0.6640625,256,-4.58405830765111906821e2
0.6640625,512,-9.17903884612884634381e2
0.66796875,16,-2.75556921111984714206e1
0.66796875,32,-5.62164125632564405362e1
0.66796875,64,-1.13529958753105264210e2
0.66796875,128,-2.28153105895820946270e2
0.66796875,256,-4.57397427826943341384e2
0.66796875,512,-9.15885085545030364395e2
0.671875,16,-2.74949466957422503262e1
0.671875,32,-5.60929683008249763095e1
0.671875,64,-1.13281102908260815155e2
0.671875,128,-2.27653419959595175585e2
0.671875,256,-4.56396078246879167931e2
0.671875,512,-9.13880406947026510680e2
0.67578125,16,-2.74346240377281280995e1
0.67578125,32,-5.59703830990574712632e1
0.67578125,64,-1.13033978751999864286e2
0.67578125,128,-2.27157210978549949065e2
0.67578125,256,-4.55401696160571074793e2
0.67578125,512,-9.11889676922620837748e2
0.6796875,16,-2.73747190191131101005e1
0.6796875,32,-5.58486465574359171812e1
0.6796875,64,-1.12788565318760342549e2
0.6796875,128,-2.26664436856988090921e2
0.6796875,256,-4.54414197212028184052e2
0.6796875,512,-9.09912726595223319576e2
0.68359375,16,-2.73152266112549847653e1
0.68359375,32,-5.57277484571219957708e1
0.68359375,64,-1.12544842009218340533e2
0.68359375,128,-2.26175056234567851862e2
0.68359375,256,-4.53433498518849741615e2
0.68359375,512,-9.07949390038303530418e2
0.6875,16,-2.72561418728633115414e1
0.6875,32,-5.56076787567930185376e1
0.6875,64,-1.12302788581893946013e2
0.6875,128,-2.25689028469448538857e2
0.6875,256,-4.52459518638450329886e2
0.6875,512,-9.05999504207775022528e2
0.69140625,16,-2.71974599480085728140e1
0.69140625,32,-5.54884275885960701206e1
0.69140625,64,-1.12062385144995363963e2
0.69140625,128,-2.25206313621914585453e2
0.69140625,256,-4.51492177535243837145e2
0.69140625,512,-9.04062908876299092907e2
0.6953125,16,-2.71391760641875221966e1
0.6953125,32,-5.53699852542163563816e1
0.6953125,64,-1.11823612148493258174e2
0.6953125,128,-2.24726872438461877423e2
0.6953125,256,-4.50531396548753749765e2
0.6953125,512,-9.02139446569443007875e2
0.69921875,16,-2.70812855304428387518e1
0.69921875,32,-5.52523422210559154038e1
0.69921875,64,-1.11586450376417569815e2
0.69921875,128,-2.24250666336330783464e2
0.69921875,256,-4.49577098362618605671e2
0.69921875,512,-9.00228962503630301344e2
0.703125,16,-2.70237837355352704470e1
0.703125,32,-5.51354891185189994214e1
0.703125,64,-1.11350880939369370387e2
0.703125,128,-2.23777657388470947242e2
0.703125,256,-4.48629206974462663106e2
0.703125,512,-8.98331304525823196253e2
0.70703125,16,-2.69666661461665206292e1
0.70703125,32,-5.50194167344005789280e1
0.70703125,64,-1.11116885267240595241e2
0.70703125,128,-2.23307808308923476821e2
0.70703125,256,-4.47687647666603000408e2
0.70703125,512,-8.96446323054879524337e2
0.7109375,16,-2.69099283052511986714e1
0.7109375,32,-5.49041160113745571233e1
0.7109375,64,-1.10884445102134779843e2
0.7109375,128,-2.22841082438606721668e2
0.7109375,256,-4.46752346977565373074e2
0.7109375,512,-8.94573871024528742566e2
0.71484375,16,-2.68535658302362203576e1
0.71484375,32,-5.47895780435784137650e1
0.71484375,64,-1.10653542491482184842e2
0.71484375,128,-2.22377443731492357304e2
0.71484375,256,-4.45823232674382216140e2
0.71484375,512,-8.92713803827913770293e2
0.71875,16,-2.67975744114661051816e1
0.71875,32,-5.46757940732911226943e1
0.71875,64,-1.10424159781342948396e2
0.71875,128,-2.21916856741159004424e2
0.71875,256,-4.44900233725647195476e2
0.71875,512,-8.90865979263647404185e2
0.72265625,16,-2.67419498105926766696e1
0.72265625,32,-5.45627554877013070767e1
0.72265625,64,-1.10196279609892145666e2
0.72265625,128,-2.21459286607711094100e2
0.72265625,256,-4.43983280275301683033e2
0.72265625,512,-8.89030257483334012854e2
0.7265625,16,-2.66866878590277282285e1
0.7265625,32,-5.44504538157627109993e1
0.7265625,64,-1.09969884901080866392e2
0.7265625,128,-2.21004699045051154571e2
0.7265625,256,-4.43072303617129460665e2
0.7265625,512,-8.87206500940509074078e2
0.73046875,16,-2.66317844564372709975e1
0.73046875,32,-5.43388807251341757618e1
0.73046875,64,-1.09744958858467642605e2
0.73046875,128,-2.20553060328494139074e2
0.73046875,256,-4.42167236169936846859e2
0.73046875,512,-8.85394574340950898622e2
0.734375,16,-2.65772355692760318498e1
0.734375,32,-5.42280280192014141993e1
0.734375,64,-1.09521484959214770205e2
0.734375,128,-2.20104337282712839236e2
0.734375,256,-4.41268011453396292399e2
0.734375,512,-8.83594344594320589796e2
0.73828125,16,-2.65230372293609191678e1
0.73828125,32,-5.41178876341779769284e1
0.73828125,64,-1.09299446948244270811e2
0.73828125,128,-2.19658497270003835493e2
0.73828125,256,-4.40374564064532306595e2
0.73828125,512,-8.81805680767087920633e2
0.7421875,16,-2.64691855324822214051e1
0.7421875,32,-5.40084516362829007138e1
0.7421875,64,-1.09078828832548434474e2
0.7421875,128,-2.19215508178863825853e2
0.7421875,256,-4.39486829654829356836e2
0.7421875,512,-8.80028454036702374362e2
0.74609375,16,-2.64156766370513488454e1
0.74609375,32,-5.38997122189926214086e1
0.74609375,64,-1.08859614875650069774e2
0.74609375,128,-2.18775338412866547704e2
0.74609375,256,-4.38604744907942132534e2
0.74609375,512,-8.78262537646970091983e2
0.75,16,-2.63625067627839724685e1
0.75,32,-5.37916617003648223311e1
0.75,64,-1.08641789592207766062e2
0.75,128,-2.18337956879830865247e2
0.75,256,-4.37728247517989281631e2
0.75,512,-8.76507806864598906267e2
0.75390625,16,-2.63096721894174555282e1
0.75390625,32,-5.36842925204319736672e1
0.75390625,64,-1.08425337742761643433e2
0.75390625,128,-2.17903332981270938040e2
0.75390625,256,-4.36857276168412415040e2
0.75390625,512,-8.74764138936875017377e2
0.7578125,16,-2.62571692554615134134e1
0.7578125,32,-5.35775972386623997171e1
0.7578125,64,-1.08210244328615229705e2
0.7578125,128,-2.17471436602119714954e2
0.7578125,256,-4.35991770511382833290e2
0.7578125,512,-8.73031413050436184249e2
0.76171875,16,-2.62049943569810756909e1
0.76171875,32,-5.34715685314867886875e1
0.76171875,64,-1.07996494586849260739e2
0.76171875,128,-2.17042238100717313063e2
0.76171875,256,-4.35131671147739061323e2
0.76171875,512,-8.71309510291107570588e2
0.765625,16,-2.61531439464103609817e1
0.765625,32,-5.33661991898881344310e1
0.765625,64,-1.07784073985463350991e2
0.765625,128,-2.16615708299056143363e2
0.765625,256,-4.34276919607438883316e2
0.765625,512,-8.69598313604767597285e2
0.76953125,16,-2.61016145313972105832e1
0.76953125,32,-5.32614821170531711866e1
0.76953125,64,-1.07572968218641625622e2
0.76953125,128,-2.16191818473274935210e2
0.76953125,256,-4.33427458330510150564e2
0.76953125,512,-8.67897707759212316582e2
0.7734375,16,-2.60504026736767605807e1
0.7734375,32,-5.31574103260834311309e1
0.7734375,64,-1.07363163202138544127e2
0.7734375,128,-2.15770540344394089695e2
0.7734375,256,-4.32583230648485193158e2
0.7734375,512,-8.66207579306987939761e2
0.77734375,16,-2.59995049879735646578e1
0.77734375,32,-5.30539769377641205292e1
0.77734375,64,-1.07154645068781278414e2
0.77734375,128,-2.15351846069285059219e2
0.77734375,256,-4.31744180766304201353e2
0.77734375,512,-8.64527816549162221507e2
0.78125,16,-2.59489181409313109800e1
0.78125,32,-5.29511751783890736104e1
0.78125,64,-1.06947400164085135966e2
0.78125,128,-2.14935708231866706873e2
0.78125,256,-4.30910253744673456236e2
0.78125,512,-8.62858309500006432549e2
0.78515625,16,-2.58986388500693064488e1
0.78515625,32,-5.28489983776401040986e1
0.78515625,64,-1.06741415041978641277e2
0.78515625,128,-2.14522099834521845388e2
0.78515625,256,-4.30081395482864782514e2
0.78515625,512,-8.61198949852560639580e2
0.7890625,16,-2.58486638827649303532e1
0.7890625,32,-5.27474399665191327247e1
0.7890625,64,-1.06536676460635006496e2
0.7890625,128,-2.14110994289727391728e2
0.7890625,256,-4.29257552701943069900e2
0.7890625,512,-8.59549630945055959618e2
0.79296875,16,-2.57989900552612870468e1
0.79296875,32,-5.26464934753315251277e1
0.79296875,64,-1.06333171378406835231e2
0.79296875,128,-2.13702365411891800458e2
0.79296875,256,-4.28438672928409164434e2
0.79296875,512,-8.57910247728168366703e2
0.796875,16,-2.57496142316993137878e1
0.796875,32,-5.25461525317191284354e1
0.796875,64,-1.06130886949861012124e2
0.796875,128,-2.13296187409393657046e2
0.796875,256,-4.27624704478245868161e2
0.796875,512,-8.56280696733079503736e2
0.80078125,16,-2.57005333231736253566e1
0.80078125,32,-5.24464108587415465861e1
0.80078125,64,-1.05929810521910835136e2
0.80078125,128,-2.12892434876815521874e2
0.80078125,256,-4.26815596441355205462e2
0.80078125,512,-8.54660876040320792917e2
0.8046875,16,-2.56517442868114015480e1
0.8046875,32,-5.23472622730042442068e1
0.8046875,64,-1.05729929630042547807e2
0.8046875,128,-2.12491082787367317074e2
0.8046875,256,-4.26011298666375517948e2
0.8046875,512,-8.53050685249377946204e2
0.80859375,16,-2.56032441248736471681e1
0.80859375,32,-5.22487006828321166950e1
0.80859375,64,-1.05531231994633525167e2
0.80859375,128,-2.12092106485493741916e2
0.80859375,256,-4.25211761745867337733e2
0.80859375,512,-8.51450025449033753810e2
0.8125,16,-2.55550298838781767956e1
0.8125,32,-5.21507200864872101306e1
0.8125,64,-1.05333705517359459650e2
0.8125,128,-2.11695481679660388600e2
0.8125,256,-4.24416937001857361900e2
0.8125,512,-8.49858799188427775489e2
0.81640625,16,-2.55070986537436983225e1
0.81640625,32,-5.20533145704293188645e1
0.81640625,64,-1.05137338277687982535e2
0.81640625,128,-2.11301184435313409274e2
0.81640625,256,-4.23626776471730209623e2
0.81640625,512,-8.48276910448812277328e2
0.8203125,16,-2.54594475669543902193e1
0.8203125,32,-5.19564783076182311632e1
0.8203125,64,-1.04942118529456242147e2
0.8203125,128,-2.10909191168007757254e2
0.8203125,256,-4.22841232894457988374e2
0.8203125,512,-8.46704264615984447407e2
0.82421875,16,-2.54120737977443876000e1
0.82421875,32,-5.18602055558564341952e1
0.82421875,64,-1.04748034697530042531e2
0.82421875,128,-2.10519478636699191009e2
0.82421875,256,-4.22060259697158027491e2
0.82421875,512,-8.45140768453375588024e2
0.828125,16,-2.53649745613016115321e1
0.828125,32,-5.17644906561711290173e1
0.828125,64,-1.04555075374542225684e2
0.828125,128,-2.10132023937195388824e2
0.828125,256,-4.21283810981969456685e2
0.828125,512,-8.43586330075778621372e2
0.83203125,16,-2.53181471129903946794e1
0.83203125,32,-5.16693280312344440955e1
0.83203125,64,-1.04363229317708056767e2
0.83203125,128,-2.09746804495761675376e2
0.83203125,256,-4.20511841513239614327e2
0.83203125,512,-8.42040858923695860736e2
0.8359375,16,-2.52715887475923743061e1
0.8359375,32,-5.15747121838207723633e1
0.8359375,64,-1.04172485445715445254e2
0.8359375,128,-2.09363798062877009049e2
0.8359375,256,-4.19744306705011566101e2
0.8359375,512,-8.40504265738289591335e2
0.83984375,16,-2.52252967985651409428e1
0.83984375,32,-5.14806376953001919174e1
0.83984375,64,-1.03982832835687905708e2
0.83984375,128,-2.08982982707136020904e2
0.83984375,256,-4.18981162608804299361e2
0.83984375,512,-8.38976462536918574938e2
0.84375,16,-2.51792686373181476481e1
0.84375,32,-5.13870992241669642557e1
0.84375,64,-1.03794260720218230042e2
0.84375,128,-2.08604336809293033014e2
0.84375,256,-4.18222365901677432631e2
0.84375,512,-8.37457362589244141230e2
0.84765625,16,-2.51335016725054008156e1
0.84765625,32,-5.12940915046021365073e1
0.84765625,64,-1.03606758484470908706e2
0.84765625,128,-2.08227839056444115617e2
0.84765625,256,-4.17467873874572543748e2
0.84765625,512,-8.35946880393890057418e2
0.8515625,16,-2.50879933493344689023e1
0.8515625,32,-5.12016093450693054590e1
0.8515625,64,-1.03420315663351401460e2
0.8515625,128,-2.07853468436343369483e2
0.8515625,256,-4.16717644420923474416e2
0.8515625,512,-8.34444931655640876713e2
0.85546875,16,-2.50427411488913603179e1
0.85546875,32,-5.11096476269426313879e1
0.85546875,64,-1.03234921938740419288e2
0.85546875,128,-2.07481204231849742075e2
0.85546875,256,-4.15971636025528213947e2
0.85546875,512,-8.32951433263163956736e2
0.859375,16,-2.49977425874808360352e1
0.859375,32,-5.10182013031662188092e1
0.859375,64,-1.03050567136791437654e2
0.859375,128,-2.07111026015500803955e2
0.859375,256,-4.15229807753675201012e2
0.859375,512,-8.31466303267240811493e2
0.86328125,16,-2.49529952159817362821e1
0.86328125,32,-5.09272653969440092989e1
0.86328125,64,-1.02867241225289717865e2
0.86328125,128,-2.06742913644210025359e2
0.86328125,256,-4.14492119240517109717e2
0.86328125,512,-8.29989460859493915988e2
0.8671875,16,-2.49084966192169139775e1
0.8671875,32,-5.08368350004593585808e1
0.8671875,64,-1.02684934311071167771e2
0.8671875,128,-2.06376847254084202300e2
0.8671875,256,-4.13758530680685405583e2
0.8671875,512,-8.28520826351595521513e2
0.87109375,16,-2.48642444153373803982e1
0.87109375,32,-5.07469052736234961325e1
0.87109375,64,-1.02503636637499425611e2
0.87109375,128,-2.06012807255357787050e2
0.87109375,256,-4.13029002818139168419e2
0.87109375,512,-8.27060321154945462820e2
0.875,16,-2.48202362552202809276e1
0.875,32,-5.06574714428520906887e1
0.875,64,-1.02323338581999601408e2
0.875,128,-2.05650774327440979557e2
0.875,256,-4.12303496936241882847e2
0.875,512,-8.25607867760805346441e2
0.87890625,16,-2.47764698218803306621e1
0.87890625,32,-5.05685287998691692564e1
0.87890625,64,-1.02144030653647159248e2
0.87890625,128,-2.05290729414078534430e2
0.87890625,256,-4.11581974848060093842e2
0.87890625,512,-8.24163389720876902876e2
0.8828125,16,-2.47329428298943511505e1
0.8828125,32,-5.04800727005376606261e1
0.8828125,64,-1.01965703490810470792e2
0.8828125,128,-2.04932653718616332732e2
0.8828125,256,-4.10864398886878014179e2
0.8828125,512,-8.22726811628312664921e2
0.88671875,16,-2.46896530248385606359e1
0.88671875,32,-5.03920985637158569118e1
0.88671875,64,-1.01788347858845615928e2
0.88671875,128,-2.04576528699372859082e2
0.88671875,256,-4.10150731896922353594e2
0.88671875,512,-8.21298059099147500490e2
0.890625,16,-2.46465981827382808768e1
0.890625,32,-5.03046018701391084038e1
0.890625,64,-1.01611954647842050229e2
0.890625,128,-2.04222336065112812620e2
0.890625,256,-4.09440937224291815872e2
0.890625,512,-8.19877058754139881552e2
0.89453125,16,-2.46037761095297339481e1
0.89453125,32,-5.02175781613260880131e1
0.89453125,64,-1.01436514870417801267e2
0.89453125,128,-2.03870057770620165337e2
0.89453125,256,-4.08734978708085880388e2
0.89453125,512,-8.18463738201012111629e2
0.8984375,16,-2.45611846405336123975e1
0.8984375,32,-5.01310230385089818423e1
0.8984375,64,-1.01262019659562896626e2
0.8984375,128,-2.03519676012368063307e2
0.8984375,256,-4.08032820671727648900e2
0.8984375,512,-8.17058026017079063328e2
0.90234375,16,-2.45188216399401157508e1
0.90234375,32,-5.00449321615869819767e1
0.90234375,64,-1.01088460266529765921e2
0.90234375,128,-2.03171173224283045475e2
0.90234375,256,-4.07334427914475697070e2
0.90234375,512,-8.15659851732255294873e2
0.90625,16,-2.44766850003051556537e1
0.90625,32,-4.99593012481024764691e1
0.90625,64,-1.00915828058769397158e2
0.90625,128,-2.02824532073601131117e2
0.90625,256,-4.06639765703120023275e2
0.90625,512,-8.14269145812430721247e2
0.91015625,16,-2.44347726420574409051e1
0.91015625,32,-4.98741260722393497201e1
0.91015625,64,-1.00744114517912064526e2
0.91015625,128,-2.02479735456813400828e2
0.91015625,256,-4.05948799763857335194e2
0.91015625,512,-8.12885839643205311521e2
0.9140625,16,-2.43930825130161623035e1
0.9140625,32,-4.97894024638428240655e1
0.9140625,64,-1.00573311237791480227e2
0.9140625,128,-2.02136766495698767215e2
0.9140625,256,-4.05261496274341057394e2
0.9140625,512,-8.11509865513973569864e2
0.91796875,16,-2.43516125879190055907e1
0.91796875,32,-4.97051263074602903812e1
0.91796875,64,-1.00403409922511257194e2
0.91796875,128,-2.01795608533441700236e2
0.91796875,256,-4.04577821855901581128e2
0.91796875,512,-8.10141156602349833837e2
0.921875,16,-2.43103608679602288657e1
0.921875,32,-4.96212935414025919488e1
0.921875,64,-1.00234402384552602682e2
0.921875,128,-2.01456245130832738664e2
0.921875,256,-4.03897743565932410747e2
0.921875,512,-8.08779646958925690310e2
0.92578125,16,-2.42693253803385486465e1
0.92578125,32,-4.95379001568252416911e1
0.92578125,64,-1.00066280542922194710e2
0.92578125,128,-2.01118660062549683372e2
0.92578125,256,-4.03221228890437989888e2
0.92578125,512,-8.07425271492351067060e2
0.9296875,16,-2.42285041778145863064e1
0.9296875,32,-4.94549421968290682272e1
0.9296875,64,-9.98990364213392242406e1
0.9296875,128,-2.00782837313517430213e2
0.9296875,256,-4.02548245736739114974e2
0.9296875,512,-8.06077965954730807139e2
0.93359375,16,-2.41878953382776339039e1
0.93359375,32,-4.93724157555798010136e1
0.93359375,64,-9.97326621464606158699e1
0.93359375,128,-2.00448761075344460260e2
0.93359375,256,-4.01878762426331963806e2
0.93359375,512,-8.04737666927328773757e2
0.9375,16,-2.41474969643215054747e1
0.9375,32,-4.92903169774461191686e1
0.9375,64,-9.95671499461434686662e1
0.9375,128,-2.00116415742834063169e2
0.9375,256,-4.01212747687896883186e2
0.9375,512,-8.03404311806571766084e2
0.94140625,16,-2.41073071828292466696e1
0.94140625,32,-4.92086420561557024241e1
0.94140625,64,-9.94024921477437867359e1
0.94140625,128,-1.99785785910568425459e2
0.94140625,256,-4.00550170650453191901e2
0.94140625,512,-8.02077838790345751225e2
0.9453125,16,-2.40673241445664822098e1
0.9453125,32,-4.91273872339688360387e1
0.9453125,64,-9.92386811764505960694e1
0.9453125,128,-1.99456856369563769739e2
0.9453125,256,-3.99891000836656363946e2
0.9453125,512,-8.00758186864577135101e2
0.94921875,16,-2.40275460237831870049e1
0.94921875,32,-4.90465488008691344587e1
0.94921875,64,-9.90757095536545703327e1
0.94921875,128,-1.99129612103994783284e2
0.94921875,256,-3.99235208156234061953e2
0.94921875,512,-7.99445295790092005188e2
0.953125,16,-2.39879710178236729385e1
0.953125,32,-4.89661230937709610306e1
0.953125,64,-9.89135698953503135119e1
0.953125,128,-1.98804038287986625090e2
0.953125,256,-3.98582762899557592320e2
0.953125,512,-7.98139106089746481442e2
0.95703125,16,-2.39485973467445892885e1
0.95703125,32,-4.88861064957431331869e1
0.95703125,64,-9.87522549105714717368e1
0.95703125,128,-1.98480120282472849524e2
0.95703125,256,-3.97933635731345451804e2
0.95703125,512,-7.96839559035821508417e2
0.9609375,16,-2.39094232529407405151e1
0.9609375,32,-4.88064954352485142433e1
0.9609375,64,-9.85917573998578702312e1
0.9609375,128,-1.98157843632117632156e2
0.9609375,256,-3.97287797684495730397e2
0.9609375,512,-7.95546596637675611875e2
0.96484375,16,-2.38704470007785307277e1
0.96484375,32,-4.87272863853991042816e1
0.96484375,64,-9.84320702537538941947e1
0.96484375,128,-1.97837194062300729223e2
0.96484375,256,-3.96645220154044227252e2
0.96484375,512,-7.94260161629649327265e2
0.96875,16,-2.38316668762368495400e1
0.96875,32,-4.86484758632262535662e1
0.96875,64,-9.82731864513373545347e1
0.96875,128,-1.97518157476163646591e2
0.96875,256,-3.96005874891245225401e2
0.96875,512,-7.92980197459215185629e2
0.97265625,16,-2.37930811865552192496e1
0.97265625,32,-4.85700604289656325577e1
0.97265625,64,-9.81150990587781007728e1
0.97265625,128,-1.97200719951715537062e2
0.97265625,256,-3.95369733997771957173e2
0.97265625,512,-7.91706648275367314876e2
0.9765625,16,-2.37546882598890283321e1
0.9765625,32,-4.84920366853566028671e1
0.9765625,64,-9.79578012279256641661e1
0.9765625,128,-1.96884867738997386460e2
0.9765625,256,-3.94736769920033875519e2
0.9765625,512,-7.90439458917244881260e2
0.98046875,16,-2.37164864449716811381e1
0.98046875,32,-4.84144012769556434376e1
0.98046875,64,-9.78012861949252341406e1
0.98046875,128,-1.96570587257303089204e2
0.98046875,256,-3.94106955443607927200e2
0.98046875,512,-7.89178574902983757429e2
0.984375,16,-2.36784741107834984184e1
0.984375,32,-4.83371508894634958794e1
0.984375,64,-9.76455472788612905483e1
0.984375,128,-1.96257865092456053071e2
0.984375,256,-3.93480263687781101874e2
0.984375,512,-7.87923942418790959857e2
0.98828125,16,-2.36406496462272078953e1
0.98828125,32,-4.82602822490657022050e1
0.98828125,64,-9.74905778804282330652e1
0.98828125,128,-1.95946687994140010587e2
0.98828125,256,-3.92856668100201606807e2
0.98828125,512,-7.86675508308236549856e2
0.9921875,16,-2.36030114598098685386e1
0.9921875,32,-4.81837921217862172469e1
0.9921875,64,-9.73363714806273672501e1
0.9921875,128,-1.95637042873282751049e2
0.9921875,256,-3.92236142451636090181e2
0.9921875,512,-7.85433220061757839103e2
0.99609375,16,-2.35655579793310765136e1
0.99609375,32,-4.81076773128537867877e1
0.99609375,64,-9.71829216394896244261e1
0.99609375,128,-1.95328916799491522605e2
0.99609375,256,-3.91618660830830406906e2
0.99609375,512,-7.84197025806370882611e2
1,16,-2.35282876515773049345e1
1,32,-4.80319346660807909053e1
1,64,-9.70302219948234096212e1
1,128,-1.95022296998538888097e2
1,256,-3.91004197639471489618e2
1,512,-7.82966874295584379721e2
